{"loss": [0.3888106644153595, 0.2036248743534088, 0.13583847880363464, 0.07709992676973343, 0.07093803584575653, 0.018748925998806953, 0.021051770076155663, 0.06538809090852737, 0.03930770978331566, 0.01571580208837986, 0.003937911707907915, 0.004005408380180597, 0.0018427466275170445, 0.00014544118312187493, 8.145709580276161e-05, 6.157555617392063e-05, 4.8148282075999305e-05, 3.96162286051549e-05, 3.30965340253897e-05, 2.7873111321241595e-05, 2.4424190996796824e-05, 2.1046529582235962e-05, 1.841064658947289e-05, 1.6168625734280795e-05, 1.4234489754016977e-05, 1.2554402019304689e-05, 1.1112290849268902e-05, 9.893326932797208e-06, 8.846264790918212e-06, 7.878085853008088e-06], "accuracy": [0.5640000104904175, 0.7874000668525696, 0.8800000548362732, 0.9416000247001648, 0.9504000544548035, 0.9908000230789185, 0.9886000752449036, 0.9624000191688538, 0.9806000590324402, 0.9908000230789185, 0.999000072479248, 0.9986000657081604, 0.9994000196456909, 1.0, 1.0, 1.0, 1.0, 1.0, 1.0, 1.0, 1.0, 1.0, 1.0, 1.0, 1.0, 1.0, 1.0, 1.0, 1.0, 1.0], "val_loss": [0.26418864727020264, 0.14564111828804016, 0.11051498353481293, 0.08877987414598465, 0.02512975223362446, 0.008493728935718536, 0.07273373752832413, 0.021358368918299675, 0.024223551154136658, 0.018243717029690742, 0.0006174515001475811, 0.0021025806199759245, 0.0002032190968748182, 0.0001023292716126889, 6.946352368686348e-05, 5.858636723132804e-05, 4.6448207285720855e-05, 4.0095845179166645e-05, 3.333998392918147e-05, 2.8201875466038473e-05, 2.4059092538664117e-05, 2.1288753487169743e-05, 1.8679113054531626e-05, 1.7581462088855915e-05, 1.4819053831161e-05, 1.3068893167655915e-05, 1.1503029782033991e-05, 1.0443784049130045e-05, 9.47510216064984e-06, 8.200622687581927e-06], "val_accuracy": [0.6960000395774841, 0.9160000681877136, 0.8880000710487366, 0.9360000491142273, 0.984000027179718, 1.0, 0.9800000190734863, 0.9920000433921814, 0.984000027179718, 0.9960000514984131, 1.0, 1.0, 1.0, 1.0, 1.0, 1.0, 1.0, 1.0, 1.0, 1.0, 1.0, 1.0, 1.0, 1.0, 1.0, 1.0, 1.0, 1.0, 1.0, 1.0]}